FirstLast,Criteria,FirstLast,Year,YearsPlayed,RosterLink,Hometown,HS,ClassYear,College,First,Gender,Last,MidInit,MidName,Name,RosterYear
Sally MacPartland, Yale,Sally MacPartland,1973,2,,,,,Yale University,Sally,W,MacPartland,A.,,,
Elizabeth Auchincloss, Yale,Elizabeth Auchincloss,1973,2,,,,,Yale University,Elizabeth,W,Auchincloss,L.,,,
Sheila Ford, Yale,Sheila Ford,1973,1,,,,,Yale University,Sheila,W,Ford,F.,,,
Sarah Fox, Yale,Sarah Fox,1973,1,,,,,Yale University,Sarah,W,Fox,M.,,,
Diane Straus, Yale,Diane Straus,1973,2,,,,,Yale University,Diane,W,Straus,E.,,,
Lucy Daggett, Yale,Lucy Daggett,1974,2,,,,,Yale University,Lucy,W,Daggett,L.,,,
Linden Havemeyer, Yale,Linden Havemeyer,1974,3,,,,,Yale University,Linden,W,Havemeyer,,,,
Louise Lippincott, Yale,Louise Lippincott,1974,1,,,,,Yale University,Louise,W,Lippincott,,,,
Margaret Mercer, Yale,Margaret Mercer,1974,3,,,,,Yale University,Margaret,W,Mercer,C.,,,
Deborah Rhode, Yale,Deborah Rhode,1974,1,,,,,Yale University,Deborah,W,Rhode,L.,,,
Deborah Ritter, Yale,Deborah Ritter,1974,1,,,,,Yale University,Deborah,W,Ritter,B.,,,
A. Julianna Gulya, Yale,A. Julianna Gulya,1974,1,,,,,Yale University,A. Julianna,W,Gulya,,,,
Polly Smith, Yale,Polly Smith,1974,1,,,,,Yale University,Polly,W,Smith,D.,,,
Susan Gootrad, Yale,Susan Gootrad,1975,2,,,,,Yale University,Susan,W,Gootrad,R.,,,
Carol Williams, Yale,Carol Williams,1975,1,,,,,Yale University,Carol,W,Williams,H.,,,
Frances Hall, Yale,Frances Hall,1975,2,,,,,Yale University,Frances,W,Hall,M.,,,
Barbara Krasa, Yale,Barbara Krasa,1975,1,,,,,Yale University,Barbara,W,Krasa,A.,,,
Christine Novak, Yale,Christine Novak,1975,1,,,,,Yale University,Christine,W,Novak,A.,,,
Jani Rachelson, Yale,Jani Rachelson,1975,2,,,,,Yale University,Jani,W,Rachelson,K.,,,
Lisa Rosenblum, Yale,Lisa Rosenblum,1975,3,,,,,Yale University,Lisa,W,Rosenblum,,,,
Elena Gates, Yale,Elena Gates,1975,1,,,,,Yale University,Elena,W,Gates,A.,,,
Sarah Muyskens, Yale,Sarah Muyskens,1976,1,,,,,Yale University,Sarah,W,Muyskens,E.,,,
Mary Baldrige, Yale,Mary Baldrige,1976,1,,,,,Yale University,Mary,W,Baldrige,T.,,,
Laura Childs, Yale,Laura Childs,1976,1,,,,,Yale University,Laura,W,Childs,M.,,,
Donna Claxton, Yale,Donna Claxton,1976,1,,,,,Yale University,Donna,W,Claxton,J.,,,
Catherine Grossman, Yale,Catherine Grossman,1976,1,,,,,Yale University,Catherine,W,Grossman,,,,
Kathryn Malone, Yale,Kathryn Malone,1976,1,,,,,Yale University,Kathryn,W,Malone,R.,,,
Andrea Hirsch, Yale,Andrea Hirsch,1976,1,,,,,Yale University,Andrea,W,Hirsch,G.,,,
Anne Sprunt, Yale,Anne Sprunt,1976,1,,,,,Yale University,Anne,W,Sprunt,G.,,,
Marion Merrill, Yale,Marion Merrill,1976,1,,,,,Yale University,Marion,W,Merrill,F.,,,
Carol O'Connor, Yale,Carol O'Connor,1977,1,,,,,Yale University,Carol,W,O'Connor,M.,,,
Kelly McCaffrey, Yale,Kelly McCaffrey,1977,1,,,,,Yale University,Kelly,W,McCaffrey,L.,,,
Debbie Peck, Yale,Debbie Peck,1977,1,,,,,Yale University,Debbie,W,Peck,C.,,,
Susan Stone, Yale,Susan Stone,1977,1,,,,,Yale University,Susan,W,Stone,,,,
Margaret Yates, Yale,Margaret Yates,1977,3,,,,,Yale University,Margaret,W,Yates,A.,,,
Joan Nolen, Yale,Joan Nolen,1977,1,,,,,Yale University,Joan,W,Nolen,D.,,,
Susan Mermelstein, Yale,Susan Mermelstein,1977,1,,,,,Yale University,Susan,W,Mermelstein,J.,,,
Christin Mamiya, Yale,Christin Mamiya,1977,1,,,,,Yale University,Christin,W,Mamiya,J.,,,
Renee Edelman, Yale,Renee Edelman,1977,2,,,,,Yale University,Renee,W,Edelman,S.,,,
Linda Littke, Yale,Linda Littke,1977,1,,,,,Yale University,Linda,W,Littke,J.,,,
Anne Keating, Yale,Anne Keating,1977,1,,,,,Yale University,Anne,W,Keating,F.,,,
Hollister Hartman, Yale,Hollister Hartman,1977,2,,,,,Yale University,Hollister,W,Hartman,A.,,,
Elizabeth Harrison, Yale,Elizabeth Harrison,1977,1,,,,,Yale University,Elizabeth,W,Harrison,A.,,,
Jessie-Kay Cheng, Yale,Jessie-Kay Cheng,1977,1,,,,,Yale University,Jessie-Kay,W,Cheng,W.,,,
Mariana Coleman, Yale,Mariana Coleman,1977,1,,,,,Yale University,Mariana,W,Coleman,G.,,,
Anne Davidson, Yale,Anne Davidson,1977,2,,,,,Yale University,Anne,W,Davidson,T.,,,
Francine Hanberg, Yale,Francine Hanberg,1977,1,,,,,Yale University,Francine,W,Hanberg,B.,,,
Anne Lovett, Yale,Anne Lovett,1977,1,,,,,Yale University,Anne,W,Lovett,R.,,,
Abbe Anderson, Yale,Abbe Anderson,1978,1,,,,,Yale University,Abbe,W,Anderson,F.,,,
Barbara Chou, Yale,Barbara Chou,1978,1,,,,,Yale University,Barbara,W,Chou,E.,,,
Sara Cole, Yale,Sara Cole,1978,2,,,,,Yale University,Sara,W,Cole,B.,,,
Susan Graham, Yale,Susan Graham,1978,4,,,,,Yale University,Susan,W,Graham,N.,,,
Martha Mahoney, Yale,Martha Mahoney,1978,2,,,,,Yale University,Martha,W,Mahoney,,,,
Elizabeth Munson, Yale,Elizabeth Munson,1978,2,,,,,Yale University,Elizabeth,W,Munson,P.,,,
Rachel Rush, Yale,Rachel Rush,1978,1,,,,,Yale University,Rachel,W,Rush,,,,
Anne Seidler, Yale,Anne Seidler,1978,4,,,,,Yale University,Anne,W,Seidler,E.,,,
Abbe Smith, Yale,Abbe Smith,1978,1,,,,,Yale University,Abbe,W,Smith,L.,,,
Lisa Prager, Yale,Lisa Prager,1978,1,,,,,Yale University,Lisa,W,Prager,A.,,,
Karen Feldman, Yale,Karen Feldman,1979,3,,,,,Yale University,Karen,W,Feldman,M.,,,
Ann Freeman, Yale,Ann Freeman,1979,1,,,,,Yale University,Ann,W,Freeman,M.,,,
Cynthia Hayden, Yale,Cynthia Hayden,1979,1,,,,,Yale University,Cynthia,W,Hayden,A.,,,
Randall Katz, Yale,Randall Katz,1979,1,,,,,Yale University,Randall,W,Katz,M.,,,
Sylvia Madrigan, Yale,Sylvia Madrigan,1979,1,,,,,Yale University,Sylvia,W,Madrigan,,,,
Valerie Tebbetts, Yale,Valerie Tebbetts,1979,2,,,,,Yale University,Valerie,W,Tebbetts,A.,,,
Eve Ellis, Yale,Eve Ellis,1980,3,,,,,Yale University,Eve,W,Ellis,E.,,,
Christine Heselmann, Yale,Christine Heselmann,1980,1,,,,,Yale University,Christine,W,Heselmann,J.,,,
Nina Locker, Yale,Nina Locker,1980,1,,,,,Yale University,Nina,W,Locker,F.,,,
Celia Moffie, Yale,Celia Moffie,1980,3,,,,,Yale University,Celia,W,Moffie,J.,,,
Elizabeth Pepper, Yale,Elizabeth Pepper,1980,1,,,,,Yale University,Elizabeth,W,Pepper,A.,,,
Natalya Smith, Yale,Natalya Smith,1981,4,,,,,Yale University,Natalya,W,Smith,M.,,,
Lynn Garfinkle, Yale,Lynn Garfinkle,1981,2,,,,,Yale University,Lynn,W,Garfinkle,,,,
Helen McSweeney, Yale,Helen McSweeney,1981,1,,,,,Yale University,Helen,W,McSweeney,J.,,,
Alison Poorvu, Yale,Alison Poorvu,1981,1,,,,,Yale University,Alison,W,Poorvu,,,,
Janis Dubno, Yale,Janis Dubno,1981,2,,,,,Yale University,Janis,W,Dubno,A.,,,
Sally Sprole, Yale,Sally Sprole,1982,1,,,,,Yale University,Sally,W,Sprole,,,,
Stacy Riely, Yale,Stacy Riely,1982,4,,,,,Yale University,Stacy,W,Riely,L.,,,
Caroline McAlister, Yale,Caroline McAlister,1982,4,,,,,Yale University,Caroline,W,McAlister,L.,,,
Diana Piotrow, Yale,Diana Piotrow,1982,4,,,,,Yale University,Diana,W,Piotrow,R.,,,
Kathleen Dalton, Yale,Kathleen Dalton,1982,3,,,,,Yale University,Kathleen,W,Dalton,,,,
Pamela Wolf, Yale,Pamela Wolf,1983,4,,,,,Yale University,Pamela,W,Wolf,J.,,,
Elizabeth Marlin, Yale,Elizabeth Marlin,1983,1,,,,,Yale University,Elizabeth,W,Marlin,,,,
Nancy Zetley, Yale,Nancy Zetley,1983,1,,,,,Yale University,Nancy,W,Zetley,E.,,,
Amy Levin, Yale,Amy Levin,1983,1,,,,,Yale University,Amy,W,Levin,S.,,,
Kristin Larson, Yale,Kristin Larson,1983,2,,,,,Yale University,Kristin,W,Larson,K.,,,
Christine Grimm, Yale,Christine Grimm,1983,1,,,,,Yale University,Christine,W,Grimm,S.,,,
Dede Fox, Yale,Dede Fox,1983,2,,,,,Yale University,Dede,W,Fox,,,,
Sherry Licht, Yale,Sherry Licht,1983,1,,,,,Yale University,Sherry,W,Licht,G.,,,
Joanne Van Woert, Yale,Joanne Van Woert,1983,1,,,,,Yale University,Joanne,W,Van Woert,,,,
Laura Cutler, Yale,Laura Cutler,1984,1,,,,,Yale University,Laura,W,Cutler,J.,,,
Sarah Duff, Yale,Sarah Duff,1984,2,,,,,Yale University,Sarah,W,Duff,U.,,,
Randee Farfel, Yale,Randee Farfel,1984,1,,,,,Yale University,Randee,W,Farfel,N.,,,
Jacqueline Geller, Yale,Jacqueline Geller,1984,3,,,,,Yale University,Jacqueline,W,Geller,S.,,,
Anne Hutchins, Yale,Anne Hutchins,1984,1,,,,,Yale University,Anne,W,Hutchins,R.,,,
Kathleen Keating, Yale,Kathleen Keating,1984,1,,,,,Yale University,Kathleen,W,Keating,M.,,,
Elizabeth Mairs, Yale,Elizabeth Mairs,1984,1,,,,,Yale University,Elizabeth,W,Mairs,R.,,,
Ellen Markowitz, Yale,Ellen Markowitz,1984,4,,,,,Yale University,Ellen,W,Markowitz,S.,,,
Kristin DiMambro, Yale,Kristin DiMambro,1984,1,,,,,Yale University,Kristin,W,DiMambro,A.,,,
Rosemind White, Yale,Rosemind White,1985,1,,,,,Yale University,Rosemind,W,White,,,,
Constance Yowell, Yale,Constance Yowell,1985,4,,,,,Yale University,Constance,W,Yowell,M.,,,
Mary Woolomes, Yale,Mary Woolomes,1985,1,,,,,Yale University,Mary,W,Woolomes,T.,,,
Gretchen Biggs, Yale,Gretchen Biggs,1985,2,,,,,Yale University,Gretchen,W,Biggs,G.,,,
Lisa Katz, Yale,Lisa Katz,1986,2,,,,,Yale University,Lisa,W,Katz,K.,,,
Hilary Bates, Yale,Hilary Bates,1986,1,,,,,Yale University,Hilary,W,Bates,,,,
Jennifer Colville, Yale,Jennifer Colville,1986,3,,,,,Yale University,Jennifer,W,Colville,A.,,,
Daniella Duke, Yale,Daniella Duke,1986,3,,,,,Yale University,Daniella,W,Duke,,,,
Wendy Fischl, Yale,Wendy Fischl,1986,3,,,,,Yale University,Wendy,W,Fischl,A.,,,
Katherine Gressens, Yale,Katherine Gressens,1986,2,,,,,Yale University,Katherine,W,Gressens,L.,,,
Susan Liebowitz, Yale,Susan Liebowitz,1986,3,,,,,Yale University,Susan,W,Liebowitz,D.,,,
Nancy Mahon, Yale,Nancy Mahon,1986,1,,,,,Yale University,Nancy,W,Mahon,,,,
Wendy Schwarz, Yale,Wendy Schwarz,1986,1,,,,,Yale University,Wendy,W,Schwarz,T.,,,
Phoebe Trubowitz, Yale,Phoebe Trubowitz,1986,1,,,,,Yale University,Phoebe,W,Trubowitz,,,,
Kathy Wagner, Yale,Kathy Wagner,1986,1,,,,,Yale University,Kathy,W,Wagner,,,,
Paula O'Connor, Yale,Paula O'Connor,1987,1,,,,,Yale University,Paula,W,O'Connor,,,,
Lisa Gollob, Yale,Lisa Gollob,1987,4,,,,,Yale University,Lisa,W,Gollob,A.,,,
Debra Havdala, Yale,Debra Havdala,1987,1,,,,,Yale University,Debra,W,Havdala,,,,
Laura Spadone, Yale,Laura Spadone,1987,1,,,,,Yale University,Laura,W,Spadone,T.,,,
Naomi Siegel, Yale,Naomi Siegel,1987,1,,,,,Yale University,Naomi,W,Siegel,,,,
Meghan McMahon, Yale,Meghan McMahon,1987,4,,,,,Yale University,Meghan,W,McMahon,R.,,,
Bettina Unhoch, Yale,Bettina Unhoch,1987,1,,,,,Yale University,Bettina,W,Unhoch,,,,
Sangeeta Hingorani, Yale,Sangeeta Hingorani,1988,1,,,,,Yale University,Sangeeta,W,Hingorani,,,,
Marci Kanstoroom, Yale,Marci Kanstoroom,1988,2,,,,,Yale University,Marci,W,Kanstoroom,,,,
Molly Quest, Yale,Molly Quest,1988,3,,,,,Yale University,Molly,W,Quest,,,,
Elizabeth Solomon, Yale,Elizabeth Solomon,1988,1,,,,,Yale University,Elizabeth,W,Solomon,,,,
Laura Wheeler, Yale,Laura Wheeler,1988,2,,,,,Yale University,Laura,W,Wheeler,,,,
Lori Steinberg, Yale,Lori Steinberg,1989,1,,,,,Yale University,Lori,W,Steinberg,,,,
Davida Pines, Yale,Davida Pines,1989,1,,,,,Yale University,Davida,W,Pines,,,,
Jean Park, Yale,Jean Park,1989,2,,,,,Yale University,Jean,W,Park,,,,
Diana Lazarus, Yale,Diana Lazarus,1989,3,,,,,Yale University,Diana,W,Lazarus,,,,
Carolyn Hatcher, Yale,Carolyn Hatcher,1989,2,,,,,Yale University,Carolyn,W,Hatcher,,,,
Andrea Williams, Yale,Andrea Williams,1989,3,,,,,Yale University,Andrea,W,Williams,,,,
Elizabeth Chabner, Yale,Elizabeth Chabner,1989,2,,,,,Yale University,Elizabeth,W,Chabner,,,,
Jennifer Brown, Yale,Jennifer Brown,1989,3,,,,,Yale University,Jennifer,W,Brown,,,,
Elizabeth Baldwin, Yale,Elizabeth Baldwin,1989,3,,,,,Yale University,Elizabeth,W,Baldwin,,,,
Suzanne Irving, Yale,Suzanne Irving,1989,3,,,,,Yale University,Suzanne,W,Irving,,,,
Jennifer Mahoney, Yale,Jennifer Mahoney,1990,3,,,,,Yale University,Jennifer,W,Mahoney,,,,
Karen Salmon, Yale,Karen Salmon,1990,3,,,,,Yale University,Karen,W,Salmon,,,,
Nina Talbot, Yale,Nina Talbot,1990,2,,,,,Yale University,Nina,W,Talbot,,,,
Jamison Williams, Yale,Jamison Williams,1990,2,,,,,Yale University,Jamison,W,Williams,,,,
Marla Grossman, Yale,Marla Grossman,1990,3,,,,,Yale University,Marla,W,Grossman,,,,
Leslie Fahrenkopf, Yale,Leslie Fahrenkopf,1990,1,,,,,Yale University,Leslie,W,Fahrenkopf,,,,
Brett DiMambro, Yale,Brett DiMambro,1990,2,,,,,Yale University,Brett,W,DiMambro,,,,
Sherrod Blankner, Yale,Sherrod Blankner,1990,1,,,,,Yale University,Sherrod,W,Blankner,,,,
Gillian Thomas, Yale,Gillian Thomas,1990,1,,,,,Yale University,Gillian,W,Thomas,,,,
Diane Schwab, Yale,Diane Schwab,1990,2,,,,,Yale University,Diane,W,Schwab,,,,
Suzanne Yelen, Yale,Suzanne Yelen,1990,3,,,,,Yale University,Suzanne,W,Yelen,,,,
Lynn Rosenstrach, Yale,Lynn Rosenstrach,1991,3,,,,,Yale University,Lynn,W,Rosenstrach,,,,
Kim Ondreck, Yale,Kim Ondreck,1991,2,,,,,Yale University,Kim,W,Ondreck,,,,
Kathrin Linz, Yale,Kathrin Linz,1991,2,,,,,Yale University,Kathrin,W,Linz,,,,
Trish Farmer, Yale,Trish Farmer,1991,1,,,,,Yale University,Trish,W,Farmer,,,,
Ann Curzan, Yale,Ann Curzan,1991,1,,,,,Yale University,Ann,W,Curzan,,,,
Lisa Reagan, Yale,Lisa Reagan,1991,2,,,,,Yale University,Lisa,W,Reagan,,,,
Laura Flynn, Yale,Laura Flynn,1992,3,,,,,Yale University,Laura,W,Flynn,,,,
Sari Granat, Yale,Sari Granat,1992,3,,,,,Yale University,Sari,W,Granat,,,,
Amy Altschul, Yale,Amy Altschul,1992,3,,,,,Yale University,Amy,W,Altschul,,,,
Jamie Resnick, Yale,Jamie Resnick,1993,1,,,,,Yale University,Jamie,W,Resnick,,,,
Stephanie Lowell, Yale,Stephanie Lowell,1993,1,,,,,Yale University,Stephanie,W,Lowell,,,,
Caroline Johnston, Yale,Caroline Johnston,1993,3,,,,,Yale University,Caroline,W,Johnston,,,,
Emily Bazelon, Yale,Emily Bazelon,1993,1,,,,,Yale University,Emily,W,Bazelon,,,,
Adrienne Amato, Yale,Adrienne Amato,1993,3,,,,,Yale University,Adrienne,W,Amato,,,,
Kari Weiner, Yale,Kari Weiner,1993,3,,,,,Yale University,Kari,W,Weiner,,,,
Michele Saba, Yale,Michele Saba,1993,2,,,,,Yale University,Michele,W,Saba,,,,
Allissa Hamilton, Yale,Allissa Hamilton,1994,1,,,,,Yale University,Allissa,W,Hamilton,,,,
Nina Bertsch, Yale,Nina Bertsch,1994,2,,,,,Yale University,Nina,W,Bertsch,,,,
Taryn Reitzel, Yale,Taryn Reitzel,1994,2,,,,,Yale University,Taryn,W,Reitzel,,,,
Georgia Levenson, Yale,Georgia Levenson,1994,3,,,,,Yale University,Georgia,W,Levenson,,,,
Sandy Kim, Yale,Sandy Kim,1994,1,,,,,Yale University,Sandy,W,Kim,,,,
Audrey Delaney, Yale,Audrey Delaney,1994,3,,,,,Yale University,Audrey,W,Delaney,,,,
Alexandra Dell, Yale,Alexandra Dell,1994,3,,,,,Yale University,Alexandra,W,Dell,,,,
Lee Ann Denley, Yale,Lee Ann Denley,1994,1,,,,,Yale University,Lee Ann,W,Denley,,,,
Kristina Dell, Yale,Kristina Dell,1994,3,,,,,Yale University,Kristina,W,Dell,,,,
Cindy Kuragami, Yale,Cindy Kuragami,1995,3,,,,,Yale University,Cindy,W,Kuragami,,,,
Ngozi Okorafor, Yale,Ngozi Okorafor,1995,3,,,,,Yale University,Ngozi,W,Okorafor,,,,
Lisa Barna, Yale,Lisa Barna,1996,2,,,,,Yale University,Lisa,W,Barna,,,,
Heath Friedman, Yale,Heath Friedman,1996,2,,,,,Yale University,Heath,W,Friedman,,,,
Atara Stember, Yale,Atara Stember,1997,1,,,,,Yale University,Atara,W,Stember,,,,
Tina Ansari, Yale,Tina Ansari,1997,1,,,,,Yale University,Tina,W,Ansari,,,,
Katherine Rhee, Yale,Katherine Rhee,1997,3,,,,,Yale University,Katherine,W,Rhee,,,,
Mary McLean, Yale,Mary McLean,1997,1,,,,,Yale University,Mary,W,McLean,,,,
Leah Boucher, Yale,Leah Boucher,1997,1,,,,,Yale University,Leah,W,Boucher,,,,
Clara Chun, Yale,Clara Chun,1997,2,,,,,Yale University,Clara,W,Chun,,,,
Wendy Chang, Yale,Wendy Chang,1998,1,,,,,Yale University,Wendy,W,Chang,,,,
Somer Khanlarian, Yale,Somer Khanlarian,1999,3,,,,,Yale University,Somer,W,Khanlarian,,,,
Naomi Zeff, Yale,Naomi Zeff,1999,3,,,,,Yale University,Naomi,W,Zeff,,,,
Denitza Blagev, Yale,Denitza Blagev,1999,3,,,,,Yale University,Denitza,W,Blagev,,,,
Sara Naison-Phillips, Yale,Sara Naison-Phillips,1999,3,,,,,Yale University,Sara,W,Naison-Phillips,,,,
Maria Parad, Yale,Maria Parad,1999,2,,,,,Yale University,Maria,W,Parad,,,,
Christina Blodgett, Yale,Christina Blodgett,2000,3,,,,,Yale University,Christina,W,Blodgett,,,,
Barbara Ellis, Yale,Barbara Ellis,2000,1,,,,,Yale University,Barbara,W,Ellis,,,,
Jacklyn Fu, Yale,Jacklyn Fu,2000,3,,,,,Yale University,Jacklyn,W,Fu,,,,
Kirsten Gross, Yale,Kirsten Gross,2000,3,,,,,Yale University,Kirsten,W,Gross,,,,
Ashlee Ferlito, Yale,Ashlee Ferlito,2001,3,,,,,Yale University,Ashlee,W,Ferlito,,,,
Cynthia Obsitnik, Yale,Cynthia Obsitnik,2001,3,,,,,Yale University,Cynthia,W,Obsitnik,,,,
Lauren Muehl, Yale,Lauren Muehl,2001,3,,,,,Yale University,Lauren,W,Muehl,,,,
Andrea Goldberg, Yale,Andrea Goldberg,2002,3,,,,,Yale University,Andrea,W,Goldberg,,,,
Bronson Oosterhuis, Yale,Bronson Oosterhuis,2002,3,,,,,Yale University,Bronson,W,Oosterhuis,,,,
Susan Hiniker, Yale,Susan Hiniker,2003,3,,,,,Yale University,Susan,W,Hiniker,,,,
Elizabeth Kaufman, Yale,Elizabeth Kaufman,2003,3,,,,,Yale University,Elizabeth,W,Kaufman,,,,
Karlyn Martin, Yale,Karlyn Martin,2004,3,,,,,Yale University,Karlyn,W,Martin,,,,
Meagan Caldwell, Yale,Meagan Caldwell,2004,2,,,,,Yale University,Meagan,W,Caldwell,,,,
Ashley Martin, Yale,Ashley Martin,2004,3,,,,,Yale University,Ashley,W,Martin,,,,
Rekha Natrajan, Yale,Rekha Natrajan,2004,2,,,,,Yale University,Rekha,W,Natrajan,,,,
Betsy Shapiro, Yale,Betsy Shapiro,2004,1,,,,,Yale University,Betsy,W,Shapiro,,,,
Margaret Purcell, Yale,Margaret Purcell,2004,3,,,,,Yale University,Margaret,W,Purcell,,,,
Reshmi Srinath, Yale,Reshmi Srinath,2005,4,,,,,Yale University,Reshmi,W,Srinath,I.,,,
Stephanie White, Yale,Stephanie White,2005,4,,,,,Yale University,Stephanie,W,White,P.,,,
Camilla Hsu, Yale,Camilla Hsu,2006,1,,,,,Yale University,Camilla,W,Hsu,,,,
Juliette Vartikar, Yale,Juliette Vartikar,2006,3,,,,,Yale University,Juliette,W,Vartikar,M.,,,
Christine Alford, Yale,Christine Alford,2007,4,,,,,Yale University,Christine,W,Alford,J.,,,
Aimee Kim, Yale,Aimee Kim,2007,3,,,,,Yale University,Aimee,W,Kim,S.,,,
Olivia Nix, Yale,Olivia Nix,2007,4,,,,,Yale University,Olivia,W,Nix,J.,,,
Rashmee Patil, Yale,Rashmee Patil,2007,3,,,,,Yale University,Rashmee,W,Patil,,,,
Lindsey Dashiell, Yale,Lindsey Dashiell,2008,4,,,,,Yale University,Lindsey,W,Dashiell,M.,,,
Catherine Starr, Yale,Catherine Starr,2008,1,,,,,Yale University,Catherine,W,Starr,E.,,,
Janet Kim, Yale,Janet Kim,2009,4,,,,,Yale University,Janet,W,Kim,M.,,,
Karolina Grygierowska, Yale,Karolina Grygierowska,2009,2,,,,,Yale University,Karolina,W,Grygierowska,,,,
Christina Cutter, Yale,Christina Cutter,2009,3,,,,,Yale University,Christina,W,Cutter,M.,,,
Ashley Miles, Yale,Ashley Miles,2009,2,,,,,Yale University,Ashley,W,Miles,D.,,,
Lillian Nguyen, Yale,Lillian Nguyen,2009,3,,,,,Yale University,Lillian,W,Nguyen,,,,
Jenna Ritz, Yale,Jenna Ritz,2010,1,https://yalebulldogs.com/sports/womens-tennis/roster/jenna-ritz/8622,"Thousand Oaks, Calif.",Thousand Oaks High School,['First Year'],Yale University,Jenna,W,Ritz,,,Jenna Ritz,"[""2009-10 Women's Tennis""]"
Jessica Rhee, Yale,Jessica Rhee,2010,1,https://yalebulldogs.com/sports/womens-tennis/roster/jessica-rhee/8621,"Dayton, OH",Centerville High School,['Senior'],Yale University,Jessica,W,Rhee,,,Jessica Rhee,"[""2009-10 Women's Tennis""]"
Sarah Lederhandler, Yale,Sarah Lederhandler,2010,1,https://yalebulldogs.com/sports/womens-tennis/roster/sarah-lederhandler/8619,"Miami, FL",Ransom Everglades Upper School,['Senior'],Yale University,Sarah,W,Lederhandler,,,Sarah Lederhandler,"[""2009-10 Women's Tennis""]"
Lauren Ritz, Yale,Lauren Ritz,2011,1,,,,,Yale University,Lauren,W,Ritz,A.,,,
Lindsay Clark, Yale,Lindsay Clark,2011,2,https://yalebulldogs.com/sports/womens-tennis/roster/lindsay-clark/8624,"Bernardsville, NJ",Bernardsville High School,['Junior' 'Senior'],Yale University,Lindsay,W,Clark,,,Lindsay Clark,"[""2009-10 Women's Tennis"" ""2010-11 Women's Tennis""]"
Kim Szokol, Yale,Kim Szokol,2011,1,https://yalebulldogs.com/sports/womens-tennis/roster/kim-szokol/8631,"Winnetka, Ill.",New Trier,['First Year'],Yale University,Kim,W,Szokol,,,Kim Szokol,"[""2010-11 Women's Tennis""]"
Silia DeFilippis, Yale,Silia DeFilippis,2011,2,https://yalebulldogs.com/sports/womens-tennis/roster/silia-defilippis/8625,"Short Hills, NJ",Millburn High School,['Junior' 'Senior'],Yale University,Silia,W,DeFilippis,,,Silia DeFilippis,"[""2009-10 Women's Tennis"" ""2010-11 Women's Tennis""]"
Stevi Petrelli, Yale,Stevi Petrelli,2011,2,https://yalebulldogs.com/sports/womens-tennis/roster/stevi-petrelli/8628,"Harrison, NY",Greenwich Academy,['Junior' 'Senior'],Yale University,Stevi,W,Petrelli,,,Stevi Petrelli,"[""2009-10 Women's Tennis"" ""2010-11 Women's Tennis""]"
Blair Seideman, Yale,Blair Seideman,2012,2,https://yalebulldogs.com/sports/womens-tennis/roster/blair-seideman/8637,"Glen Head, N.Y.",Jericho,['First Year' 'Sophomore'],Yale University,Blair,W,Seideman,,,Blair Seideman,"[""2010-11 Women's Tennis"" ""2011-12 Women's Tennis""]"
Vicky Brook, Yale,Vicky Brook,2012,3,https://yalebulldogs.com/sports/womens-tennis/roster/vicky-brook/8632,"London, England",Seven Oaks School,['Sophomore' 'Junior' 'Senior'],Yale University,Vicky,W,Brook,,,Vicky Brook,"[""2009-10 Women's Tennis"" ""2010-11 Women's Tennis""
 ""2011-12 Women's Tennis""]"
Steph Kent, Yale,Steph Kent,2012,3,https://yalebulldogs.com/sports/womens-tennis/roster/stephanie-kent/8618,"Washington Depot, Conn.",Shepaug Valley High School,['Junior' 'Senior' 'Sophomore'],Yale University,Steph,W,Kent,,,Steph Kent,"[""2010-11 Women's Tennis"" ""2011-12 Women's Tennis""
 ""2009-10 Women's Tennis""]"
Sarah Guzick, Yale,Sarah Guzick,2013,2,https://yalebulldogs.com/sports/womens-tennis/roster/sarah-guzick/8642,"Greer, S.C.",Christ Church Episcopal,['Junior' 'Senior'],Yale University,Sarah,W,Guzick,,,Sarah Guzick,"[""2011-12 Women's Tennis"" ""2012-13 Women's Tennis""]"
Elizabeth Epstein, Yale,Elizabeth Epstein,2013,4,https://yalebulldogs.com/sports/womens-tennis/roster/elizabeth-epstein/8641,"Chicago, Ill.",Francis Parker School,['First Year' 'Sophomore' 'Junior' 'Senior'],Yale University,Elizabeth,W,Epstein,,,Elizabeth Epstein,"[""2009-10 Women's Tennis"" ""2010-11 Women's Tennis""
 ""2011-12 Women's Tennis"" ""2012-13 Women's Tennis""]"
Amber Li, Yale,Amber Li,2014,3,https://yalebulldogs.com/sports/womens-tennis/roster/amber-li/8651,"Tampa, Fla.",HB Plant,['First Year' 'Sophomore' 'Junior'],Yale University,Amber,W,Li,,,Amber Li,"[""2011-12 Women's Tennis"" ""2012-13 Women's Tennis""
 ""2013-14 Women's Tennis""]"
Annie Sullivan, Yale,Annie Sullivan,2014,4,https://yalebulldogs.com/sports/womens-tennis/roster/annie-sullivan/8655,"Deerfield, Ill.",Woodlands Academy,['First Year' 'Sophomore' 'Junior' 'Senior'],Yale University,Annie,W,Sullivan,,,Annie Sullivan,"[""2010-11 Women's Tennis"" ""2011-12 Women's Tennis""
 ""2012-13 Women's Tennis"" ""2013-14 Women's Tennis""]"
Hanna Yu, Yale,Hanna Yu,2015,4,https://yalebulldogs.com/sports/womens-tennis/roster/hanna-yu/8667,"Northbrook, Ill.",Glenbrook North Senior,['First Year' 'Sophomore' 'Junior' 'Senior'],Yale University,Hanna,W,Yu,,,Hanna Yu,"[""2011-12 Women's Tennis"" ""2012-13 Women's Tennis""
 ""2013-14 Women's Tennis"" ""2014-15 Women's Tennis""]"
Courtney Amos, Yale,Courtney Amos,2016,4,https://yalebulldogs.com/sports/womens-tennis/roster/courtney-amos/8670,"Tucson, Ari.",Salpointe Catholic,['First Year' 'Sophomore' 'Junior' 'Senior'],Yale University,Courtney,W,Amos,,,Courtney Amos,"[""2012-13 Women's Tennis"" ""2013-14 Women's Tennis""
 ""2014-15 Women's Tennis"" ""2015-16 Women's Tennis""]"
Madeleine Hamilton, Yale,Madeleine Hamilton,2016,4,https://yalebulldogs.com/sports/womens-tennis/roster/madeleine-hamilton/8672,"Greensboro, N.C.",Page,['First Year' 'Sophomore' 'Junior' 'Senior'],Yale University,Madeleine,W,Hamilton,,,Madeleine Hamilton,"[""2012-13 Women's Tennis"" ""2013-14 Women's Tennis""
 ""2014-15 Women's Tennis"" ""2015-16 Women's Tennis""]"
Sonal Shrivastava, Yale,Sonal Shrivastava,2016,1,https://yalebulldogs.com/sports/womens-tennis/roster/sonal-shrivastava/8678,"Skillman, N.J.",The Lawrenceville School,['First Year'],Yale University,Sonal,W,Shrivastava,,,Sonal Shrivastava,"[""2015-16 Women's Tennis""]"
Ree Ree Li, Yale,Ree Ree Li,2016,4,https://yalebulldogs.com/sports/womens-tennis/roster/ree-ree-li/8674,"Waxhaw, N.C.",Marvin Ridge,['First Year' 'Sophomore' 'Junior' 'Senior'],Yale University,Ree,W,Li,Ree, Ree,Ree Ree Li,"[""2012-13 Women's Tennis"" ""2013-14 Women's Tennis""
 ""2014-15 Women's Tennis"" ""2015-16 Women's Tennis""]"
Sherry Li, Yale,Sherry Li,2016,3,https://yalebulldogs.com/sports/womens-tennis/roster/sherry-li/8675,"Parkland, Fla.",Broward Virtual School,['First Year' 'Sophomore' 'Junior'],Yale University,Sherry,W,Li,,,Sherry Li,"[""2013-14 Women's Tennis"" ""2014-15 Women's Tennis""
 ""2015-16 Women's Tennis""]"
Opala Dhingra, Yale,Opala Dhingra,2017,1,https://yalebulldogs.com/sports/womens-tennis/roster/opala-dhingra/8684,"Darnestown, Md.",Poolesville High School,['First Year'],Yale University,Opala,W,Dhingra,,,Opala Dhingra,"[""2016-17 Women's Tennis""]"
Tina Jiang, Yale,Tina Jiang,2017,2,https://yalebulldogs.com/sports/womens-tennis/roster/tina-jiang/8687,"Bridgewater, N.J.",Gill St. Bernard's,['Junior' 'Senior'],Yale University,Tina,W,Jiang,,,Tina Jiang,"[""2015-16 Women's Tennis"" ""2016-17 Women's Tennis""]"
Carol Finke, Yale,Carol Finke,2017,3,https://yalebulldogs.com/sports/womens-tennis/roster/carol-finke/8685,"Glencoe, Ill.",New Trier,['First Year' 'Sophomore' 'Junior'],Yale University,Carol,W,Finke,,,Carol Finke,"[""2014-15 Women's Tennis"" ""2015-16 Women's Tennis""
 ""2016-17 Women's Tennis""]"
Caroline Lynch, Yale,Caroline Lynch,2017,4,https://yalebulldogs.com/sports/womens-tennis/roster/caroline-lynch/8690,"Dublin, Ireland",Rathdown School,['First Year' 'Sophomore' 'Junior' 'Senior'],Yale University,Caroline,W,Lynch,,,Caroline Lynch,"[""2013-14 Women's Tennis"" ""2014-15 Women's Tennis""
 ""2015-16 Women's Tennis"" ""2016-17 Women's Tennis""]"
Sunday Swett, Yale,Sunday Swett,2018,4,https://yalebulldogs.com/sports/womens-tennis/roster/sunday-swett/8705,"Bow, N.H.",Bow,['First Year' 'Sophomore' 'Junior' 'Senior'],Yale University,Sunday,W,Swett,,,Sunday Swett,"[""2014-15 Women's Tennis"" ""2015-16 Women's Tennis""
 ""2016-17 Women's Tennis"" ""2017-18 Women's Tennis""]"
Valerie Shklover, Yale,Valerie Shklover,2018,4,https://yalebulldogs.com/sports/womens-tennis/roster/valerie-shklover/8703,"Fair Lawn, N.J.",Fair Lawn,['First Year' 'Sophomore' 'Junior' 'Senior'],Yale University,Valerie,W,Shklover,,,Valerie Shklover,"[""2014-15 Women's Tennis"" ""2015-16 Women's Tennis""
 ""2016-17 Women's Tennis"" ""2017-18 Women's Tennis""]"
Elizabeth Zordani, Yale,Elizabeth Zordani,2018,4,https://yalebulldogs.com/sports/womens-tennis/roster/elizabeth-zordani/8707,"Lake Forest, Ill.",Lake Forest,['First Year' 'Sophomore' 'Junior' 'Senior'],Yale University,Elizabeth,W,Zordani,,,Elizabeth Zordani,"[""2014-15 Women's Tennis"" ""2015-16 Women's Tennis""
 ""2016-17 Women's Tennis"" ""2017-18 Women's Tennis""]"
Amy Yang, Yale,Amy Yang,2019,4,https://yalebulldogs.com/sports/womens-tennis/roster/amy-yang/8716,"John's Creek, Ga.",Northview,['First Year' 'Sophomore' 'Junior' 'Senior'],Yale University,Amy,W,Yang,,,Amy Yang,"[""2015-16 Women's Tennis"" ""2016-17 Women's Tennis""
 ""2017-18 Women's Tennis"" ""2018-19 Women's Tennis""]"
Caroline Amos, Yale,Caroline Amos,2019,4,https://yalebulldogs.com/sports/womens-tennis/roster/caroline-amos/8708,"Tucson, Ariz.",Salpointe Catholic,['First Year' 'Sophomore' 'Junior' 'Senior'],Yale University,Caroline,W,Amos,,,Caroline Amos,"[""2015-16 Women's Tennis"" ""2016-17 Women's Tennis""
 ""2017-18 Women's Tennis"" ""2018-19 Women's Tennis""]"
Raissa Lou, Yale,Raissa Lou,2020,2,https://yalebulldogs.com/sports/womens-tennis/roster/raissa-lou/14768,Undeclared,"Pittsford, N.Y.",['First Year' 'Sophomore'],Yale University,Raissa,W,Lou,,,Raissa Lou,"[""2018-19 Women's Tennis"" ""2019-20 Women's Tennis Roster""]"
Caroline Dunleavy, Yale,Caroline Dunleavy,2020,2,https://yalebulldogs.com/sports/womens-tennis/roster/caroline-dunleavy/14765,Political Science,"Darien, Conn.",['Sophomore' 'Junior'],Yale University,Caroline,W,Dunleavy,,,Caroline Dunleavy,"[""2018-19 Women's Tennis"" ""2019-20 Women's Tennis Roster""]"
Sarah Cameron, Yale,Sarah Cameron,2020,3,https://yalebulldogs.com/sports/womens-tennis/roster/sarah-cameron/14766,"Tulsa, Okla.",Jenks High School,['First Year' 'Sophomore' 'Junior'],Yale University,Sarah,W,Cameron,,,Sarah Cameron,"[""2017-18 Women's Tennis"" ""2018-19 Women's Tennis""
 ""2019-20 Women's Tennis Roster""]"
Samantha Martinelli, Yale,Samantha Martinelli,2020,3,https://yalebulldogs.com/sports/womens-tennis/roster/samantha-martinelli/14770,"Denver, CO",Odyssey Charter School,['First Year' 'Sophomore' 'Junior'],Yale University,Samantha,W,Martinelli,,,Samantha Martinelli,"[""2017-18 Women's Tennis"" ""2018-19 Women's Tennis""
 ""2019-20 Women's Tennis Roster""]"
Jessie Gong, Yale,Jessie Gong,2020,2,https://yalebulldogs.com/sports/womens-tennis/roster/jessie-gong/14772,Undeclared,"Vancouver, B.C.",['First Year' 'Sophomore'],Yale University,Jessie,W,Gong,,,Jessie Gong,"[""2018-19 Women's Tennis"" ""2019-20 Women's Tennis Roster""]"
Rhea Shrivastava, Yale,Rhea Shrivastava,2020,1,https://yalebulldogs.com/sports/womens-tennis/roster/rhea-shrivastava/14773,"Montgomery, N.J.",Montgomery High School,['First Year'],Yale University,Rhea,W,Shrivastava,,,Rhea Shrivastava,"[""2019-20 Women's Tennis Roster""]"
Lauren Gillinov, Yale,Lauren Gillinov,2020,3,https://yalebulldogs.com/sports/womens-tennis/roster/lauren-gillinov/14769,"Moreland Hills, OH",Hathaway Brown,['First Year' 'Sophomore' 'Junior'],Yale University,Lauren,W,Gillinov,,,Lauren Gillinov,"[""2017-18 Women's Tennis"" ""2018-19 Women's Tennis""
 ""2019-20 Women's Tennis Roster""]"
Vivian Cheng, Yale,Vivian Cheng,2020,1,https://yalebulldogs.com/sports/womens-tennis/roster/vivian-cheng/14775,"Santa Monica, CALIF.",Santa Monica High School,['First Year'],Yale University,Vivian,W,Cheng,,,Vivian Cheng,"[""2019-20 Women's Tennis Roster""]"
Rena Lin, Yale,Rena Lin,2020,1,https://yalebulldogs.com/sports/womens-tennis/roster/rena-lin/14774,"Northridge, CALIF.",Granada Hills Charter High School,['First Year'],Yale University,Rena,W,Lin,,,Rena Lin,"[""2019-20 Women's Tennis Roster""]"
Chelsea Kung, Yale,Chelsea Kung,2020,1,https://yalebulldogs.com/sports/womens-tennis/roster/chelsea-kung/14777,"Fort Worth, TX",Keller Central High School,['First Year'],Yale University,Chelsea,W,Kung,,,Chelsea Kung,"[""2019-20 Women's Tennis Roster""]"
Kathy Wang, Yale,Kathy Wang,2020,2,https://yalebulldogs.com/sports/womens-tennis/roster/kathy-wang/14771,Undeclared,"San Diego, Calif.",['First Year' 'Sophomore'],Yale University,Kathy,W,Wang,,,Kathy Wang,"[""2018-19 Women's Tennis"" ""2019-20 Women's Tennis Roster""]"
